,servico,mes_previsto,previsao_furtos,previsao_roubos,previsao_tiroteios_30d,media_furtos_12m,media_roubos_12m,media_tiroteios_12m,periodo_tiroteio_inicio,periodo_tiroteio_fim,score_risco,z_score,nivel_risco
0,006,2026-04,19.01,0.0,4.28,27.0,6.42,2.58,2026-04-01,2026-04-30,0.11675152749490834,-1.4435868211055718,baixo
1,007,2026-04,38.02,5.59,4.28,46.17,10.0,2.58,2026-04-01,2026-04-30,0.1936863543788187,-1.1545634095923192,baixo
2,010,2026-04,56.87,9.29,2.77,71.92,12.83,1.5,2026-04-01,2026-04-30,0.23564154786150715,-0.996949054141015,baixo
3,10,2026-04,70.93,8.73,5.32,71.58,16.42,5.25,2026-04-01,2026-04-30,0.3106415478615071,-0.7151942658160505,baixo
4,100,2026-04,104.51,17.3,4.56,118.0,18.0,2.75,2026-04-01,2026-04-30,0.38686354378818744,-0.42884876810900885,medio
5,104,2026-04,164.63,40.28,6.06,158.17,36.92,4.25,2026-04-01,2026-04-30,0.5588085539714868,0.21710229786071625,medio
6,107,2026-04,83.53,13.51,3.29,99.42,15.92,1.83,2026-04-01,2026-04-30,0.3212830957230142,-0.675216838280465,baixo
7,11,2026-04,70.93,8.73,5.91,71.58,16.42,5.75,2026-04-01,2026-04-30,0.3240835030549898,-0.6646964626132056,baixo
8,117,2026-04,49.31,12.35,5.29,53.83,14.42,2.67,2026-04-01,2026-04-30,0.31720977596741345,-0.6905192028873876,baixo
9,12,2026-04,63.64,6.11,4.58,64.58,15.25,4.58,2026-04-01,2026-04-30,0.23080448065173115,-1.0151206121117358,baixo
10,13,2026-04,63.64,6.11,4.58,64.58,15.25,4.58,2026-04-01,2026-04-30,0.23080448065173115,-1.0151206121117358,baixo
11,133,2026-04,64.14,24.33,4.06,69.5,25.58,3.17,2026-04-01,2026-04-30,0.3570773930753564,-0.5407473092971314,baixo
12,14,2026-04,70.93,8.73,7.81,71.58,16.42,7.17,2026-04-01,2026-04-30,0.3659368635437882,-0.5074646662770745,baixo
13,15,2026-04,70.93,8.73,5.91,71.58,16.42,5.75,2026-04-01,2026-04-30,0.3240835030549898,-0.6646964626132056,baixo
14,16,2026-04,63.64,6.11,4.58,64.58,15.25,4.58,2026-04-01,2026-04-30,0.23080448065173115,-1.0151206121117358,baixo
15,161,2026-04,159.53,40.35,4.37,163.33,37.92,2.92,2026-04-01,2026-04-30,0.5240325865580449,0.0864583600291137,medio
16,165,2026-04,64.14,24.33,4.0,69.5,25.58,2.25,2026-04-01,2026-04-30,0.3555498981670061,-0.5464856960247275,baixo
17,167,2026-04,96.88,21.69,3.8,114.17,21.17,2.5,2026-04-01,2026-04-30,0.37291242362525456,-0.4812593668877195,medio
18,169,2026-04,124.31,25.67,5.66,132.75,23.25,3.42,2026-04-01,2026-04-30,0.4493890020366599,-0.19395747139274533,medio
19,17,2026-04,16.88,6.69,8.29,18.75,4.0,5.5,2026-04-01,2026-04-30,0.28019348268839106,-0.8295794412527977,baixo
20,18,2026-04,62.43,4.32,2.69,63.08,14.67,3.25,2026-04-01,2026-04-30,0.13828920570264766,-1.362675568246468,baixo
21,19,2026-04,11.79,2.21,2.96,16.83,4.5,3.33,2026-04-01,2026-04-30,0.0609979633401222,-1.6530379366628267,baixo
22,20,2026-04,19.55,5.16,3.68,23.83,5.67,4.5,2026-04-01,2026-04-30,0.15529531568228105,-1.2987881960125658,baixo
23,201,2026-04,27.32,2.95,4.86,27.92,9.67,3.17,2026-04-01,2026-04-30,0.15020366598778004,-1.3179161517712192,baixo
24,202,2026-04,68.42,12.26,3.25,72.83,16.08,1.83,2026-04-01,2026-04-30,0.29287169042769856,-0.7819508314137509,baixo
25,209,2026-04,88.46,27.12,2.96,98.25,28.67,1.92,2026-04-01,2026-04-30,0.36109979633401224,-0.5256362242477952,baixo
26,210,2026-04,119.48,48.24,3.2,129.5,48.67,2.25,2026-04-01,2026-04-30,0.47123217922606925,-0.11189854118812223,medio
27,2110,2026-04,220.88,56.8,10.11,211.17,56.5,14.17,2026-04-01,2026-04-30,0.7535641547861507,0.9487466056292087,alto
28,2111,2026-04,225.46,59.35,16.29,221.0,58.17,18.25,2026-04-01,2026-04-30,0.8487270875763748,1.306248098758441,alto
29,2112,2026-04,178.71,63.28,16.6,192.08,58.42,11.5,2026-04-01,2026-04-30,0.8327902240325865,1.2463775972338555,alto
30,2114,2026-04,220.88,56.8,8.41,211.17,56.5,12.75,2026-04-01,2026-04-30,0.7376782077393076,0.8890673836622104,alto
31,217,2026-04,119.7,24.34,11.21,111.08,28.58,14.08,2026-04-01,2026-04-30,0.5394093686354379,0.14422478642024672,medio
32,22,2026-04,46.22,0.0,2.48,47.75,10.75,1.25,2026-04-01,2026-04-30,0.084979633401222,-1.5629452650395692,baixo
33,220,2026-04,99.04,22.38,5.75,110.5,27.33,4.5,2026-04-01,2026-04-30,0.41639511201629326,-0.3179066247088194,medio
34,229,2026-04,75.65,17.54,7.8,75.0,23.08,6.0,2026-04-01,2026-04-30,0.4238289205702648,-0.28997980930118533,medio
35,2303,2026-04,217.61,110.25,27.28,215.0,105.5,28.0,2026-04-01,2026-04-30,0.9810590631364562,1.8033836689258425,alto
36,2305,2026-04,131.41,56.81,14.2,131.83,52.67,13.58,2026-04-01,2026-04-30,0.7252036659877801,0.8422038920535094,alto
37,2307,2026-04,188.14,107.25,29.55,187.83,101.75,33.92,2026-04-01,2026-04-30,0.9535641547861506,1.700092707829114,alto
38,2308,2026-04,213.45,108.29,25.65,208.0,104.33,26.42,2026-04-01,2026-04-30,0.9668533604887983,1.7500166723591994,alto
39,2309,2026-04,188.14,107.25,27.75,187.83,101.75,33.17,2026-04-01,2026-04-30,0.9517311608961303,1.693206643755999,alto
40,2310,2026-04,193.67,102.48,22.4,186.83,99.33,27.42,2026-04-01,2026-04-30,0.929684317718941,1.61038259532103,alto
41,232,2026-04,173.34,49.94,7.56,162.0,47.33,11.0,2026-04-01,2026-04-30,0.6380346232179227,0.5147332894653635,alto
42,2334,2026-04,176.6,32.87,11.8,191.25,33.92,10.0,2026-04-01,2026-04-30,0.6380855397148676,0.5149245690229496,alto
43,2335,2026-04,171.0,30.28,10.68,185.83,32.17,9.08,2026-04-01,2026-04-30,0.6057026476578411,0.39327077039791386,medio
44,2336,2026-04,213.45,108.29,25.81,208.0,104.33,25.42,2026-04-01,2026-04-30,0.9674643584521385,1.7523120270502381,alto
45,2337,2026-04,171.45,31.58,10.42,186.5,32.25,9.67,2026-04-01,2026-04-30,0.6086558044806517,0.4043649847379329,medio
46,2338,2026-04,171.06,31.57,11.8,190.58,33.83,9.08,2026-04-01,2026-04-30,0.6211812627291242,0.4514197559042203,medio
47,2339,2026-04,213.68,108.29,26.6,208.0,104.33,30.67,2026-04-01,2026-04-30,0.9706720977596741,1.7643626391781897,alto
48,2342,2026-04,133.41,52.6,7.72,145.08,51.5,8.33,2026-04-01,2026-04-30,0.6284114052953157,0.47858145308150823,medio
49,2343,2026-04,133.41,52.6,7.69,145.08,51.5,7.58,2026-04-01,2026-04-30,0.6259674134419552,0.4694000343173545,medio
50,2344,2026-04,133.41,52.6,7.96,145.08,51.5,8.58,2026-04-01,2026-04-30,0.6342158859470468,0.500387322646373,alto
51,2345,2026-04,214.05,83.15,16.53,214.17,86.33,23.17,2026-04-01,2026-04-30,0.8911405295315682,1.4655839702280236,alto
52,238,2026-04,166.07,45.51,16.25,154.58,45.25,18.42,2026-04-01,2026-04-30,0.7241853360488798,0.8383783009017786,alto
53,2381,2026-04,216.95,109.37,27.21,209.5,104.92,31.83,2026-04-01,2026-04-30,0.9781059063136456,1.7922894545858234,alto
54,2383,2026-04,218.51,111.34,27.28,216.5,106.08,28.17,2026-04-01,2026-04-30,0.9835030549898167,1.8125650876899964,alto
55,239,2026-04,111.58,43.13,10.38,107.83,40.42,8.92,2026-04-01,2026-04-30,0.5936863543788187,0.34812879480749176,medio
56,247,2026-04,141.86,47.33,6.89,132.67,44.08,4.92,2026-04-01,2026-04-30,0.5744399185336049,0.2758251220397821,medio
57,249,2026-04,139.88,48.0,8.15,127.0,44.0,6.5,2026-04-01,2026-04-30,0.6075356415478615,0.4001568344710294,medio
58,25,2026-04,63.71,6.11,3.85,64.58,15.25,4.08,2026-04-01,2026-04-30,0.2134928716904277,-1.0801556616911574,baixo
59,254,2026-04,171.35,60.22,15.98,167.67,60.58,21.08,2026-04-01,2026-04-30,0.79949083503055,1.1212807665722626,alto
60,2613,2026-04,153.3,34.01,5.49,153.42,38.33,6.0,2026-04-01,2026-04-30,0.5105906313645622,0.03596055682626875,medio
61,2614,2026-04,147.52,29.67,7.51,138.08,34.42,7.25,2026-04-01,2026-04-30,0.5312118126272912,0.11342877764881473,medio
62,265,2026-04,183.56,85.79,16.27,193.5,82.75,21.25,2026-04-01,2026-04-30,0.8686863543788187,1.381229685332362,alto
63,275,2026-04,160.44,73.67,3.99,167.83,66.42,3.33,2026-04-01,2026-04-30,0.630346232179226,0.48585007626979637,medio
64,277,2026-04,208.8,91.01,16.71,212.92,91.08,21.5,2026-04-01,2026-04-30,0.9009164969450101,1.5023096452846378,alto
65,28,2026-04,9.19,8.26,2.71,8.5,1.75,2.58,2026-04-01,2026-04-30,0.15040733197556008,-1.317151033540873,baixo
66,2802,2026-04,71.0,8.73,5.91,71.58,16.42,5.75,2026-04-01,2026-04-30,0.32535641547861505,-0.6599144736735423,baixo
67,2803,2026-04,79.8,13.9,11.44,80.17,21.75,12.33,2026-04-01,2026-04-30,0.46894093686354377,-0.12050612127951635,medio
68,2804,2026-04,79.8,13.9,11.07,80.17,21.75,11.0,2026-04-01,2026-04-30,0.4664969450101833,-0.12968754004366992,medio
69,292,2026-04,157.42,61.57,9.94,158.58,59.5,10.67,2026-04-01,2026-04-30,0.7156822810590631,0.8064346147848271,alto
70,296,2026-04,192.93,85.52,14.04,198.08,78.83,13.92,2026-04-01,2026-04-30,0.8404276985743381,1.2750695308718358,alto
71,298,2026-04,215.61,98.54,15.22,204.33,95.67,20.08,2026-04-01,2026-04-30,0.8907841140529531,1.4642450133249176,alto
72,300,2026-04,206.75,105.56,17.89,202.33,103.75,17.58,2026-04-01,2026-04-30,0.9292769857433809,1.6088523588603378,alto
73,301,2026-04,147.32,34.15,7.6,145.83,39.58,6.75,2026-04-01,2026-04-30,0.5545315682281059,0.20103481502344733,medio
74,302,2026-04,104.08,22.65,6.56,109.58,29.42,6.0,2026-04-01,2026-04-30,0.4407331975560082,-0.2264749961824559,medio
75,306,2026-04,226.35,59.35,16.29,221.0,58.17,18.25,2026-04-01,2026-04-30,0.849745417515275,1.3100736899101717,alto
76,31,2026-04,162.65,32.49,18.39,155.5,51.5,22.67,2026-04-01,2026-04-30,0.69969450101833,0.746372833702656,alto
77,311,2026-04,195.72,83.9,7.86,199.92,83.92,6.25,2026-04-01,2026-04-30,0.764562118126273,0.9900629900679002,alto
78,312,2026-04,168.93,73.1,7.17,171.0,67.42,6.17,2026-04-01,2026-04-30,0.7010692464358452,0.7515373817574923,alto
79,313,2026-04,137.17,66.44,7.59,144.92,60.25,5.58,2026-04-01,2026-04-30,0.6740325865580449,0.649967936679043,alto
80,315,2026-04,264.55,84.88,12.54,255.75,83.25,13.67,2026-04-01,2026-04-30,0.8556008146639511,1.3320708390326228,alto
81,321,2026-04,89.75,46.17,10.51,100.17,45.08,9.58,2026-04-01,2026-04-30,0.5837067209775968,0.31063800152053156,medio
82,323,2026-04,134.08,52.6,7.72,145.08,51.5,8.33,2026-04-01,2026-04-30,0.6296843177189408,0.4833634420211712,medio
83,324,2026-04,126.87,50.05,8.85,135.67,49.33,9.17,2026-04-01,2026-04-30,0.6187881873727088,0.4424296166976534,medio
84,325,2026-04,112.61,49.36,7.45,117.92,47.75,7.5,2026-04-01,2026-04-30,0.5712830957230143,0.2639657894694171,medio
85,326,2026-04,126.87,50.05,9.84,135.67,49.33,10.17,2026-04-01,2026-04-30,0.6273421588594704,0.4745645823721908,medio
86,327,2026-04,134.08,52.6,7.69,145.08,51.5,7.58,2026-04-01,2026-04-30,0.6272403258655804,0.47418202325701786,medio
87,328,2026-04,126.87,50.05,8.78,135.67,49.33,9.92,2026-04-01,2026-04-30,0.6175661914460285,0.43783890731557656,medio
88,329,2026-04,126.87,50.05,10.29,135.67,49.33,10.5,2026-04-01,2026-04-30,0.6346741344195519,0.5021088386646517,alto
89,335,2026-04,132.21,56.81,13.94,131.83,52.67,12.75,2026-04-01,2026-04-30,0.7202647657841141,0.8236497749676158,alto
90,338,2026-04,221.26,75.13,16.26,219.83,72.33,11.25,2026-04-01,2026-04-30,0.8832484725050916,1.4359356388021107,alto
91,341,2026-04,221.74,56.87,16.22,211.58,56.0,17.83,2026-04-01,2026-04-30,0.8374745417515275,1.2639753165318166,alto
92,342,2026-04,132.21,56.81,11.79,131.83,52.67,11.92,2026-04-01,2026-04-30,0.6970468431771895,0.7364262967081562,alto
93,343,2026-04,272.85,83.57,16.02,267.58,83.08,16.17,2026-04-01,2026-04-30,0.8981160896130346,1.4917892696173787,alto
94,348,2026-04,232.86,79.41,16.66,235.17,76.25,13.5,2026-04-01,2026-04-30,0.9021384928716905,1.506900354666715,alto
95,349,2026-04,176.16,70.37,14.23,173.83,67.5,11.67,2026-04-01,2026-04-30,0.8089613034623219,1.156858764283358,alto
96,35,2026-04,147.19,28.01,13.96,145.17,44.5,15.92,2026-04-01,2026-04-30,0.6114562118126272,0.4148853604051921,medio
97,350,2026-04,121.05,50.04,9.39,132.17,47.33,7.83,2026-04-01,2026-04-30,0.6129327902240326,0.4204324675752018,medio
98,352,2026-04,273.09,87.89,12.49,282.92,87.0,14.58,2026-04-01,2026-04-30,0.8618126272912423,1.3554069450581798,alto
99,353,2026-04,214.35,60.71,26.17,197.08,68.25,38.5,2026-04-01,2026-04-30,0.889816700610998,1.4606107017307741,alto
100,355,2026-04,152.09,61.6,15.5,161.08,63.83,16.0,2026-04-01,2026-04-30,0.7839613034623218,1.0629405015083697,alto
101,361,2026-04,280.55,90.68,12.54,292.33,89.17,13.67,2026-04-01,2026-04-30,0.864969450101833,1.3672662776285451,alto
102,362,2026-04,143.0,87.45,15.59,135.5,83.83,14.58,2026-04-01,2026-04-30,0.8260183299389003,1.2209374160748472,alto
103,363,2026-04,196.47,64.43,16.94,193.0,70.17,22.25,2026-04-01,2026-04-30,0.8510692464358453,1.3150469584074216,alto
104,368,2026-04,228.79,58.44,18.31,217.08,58.25,19.25,2026-04-01,2026-04-30,0.8687372708757637,1.3814209648899485,alto
105,369,2026-04,195.77,102.48,20.61,186.83,99.33,26.67,2026-04-01,2026-04-30,0.9286659877800407,1.6065570041692991,alto
106,371,2026-04,231.11,97.01,15.4,236.0,96.42,22.92,2026-04-01,2026-04-30,0.9022403258655805,1.507282913781888,alto
107,378,2026-04,208.77,105.85,16.12,201.92,104.25,19.0,2026-04-01,2026-04-30,0.9080448065173117,1.5290887833467532,alto
108,380,2026-04,222.31,75.13,22.84,219.83,72.33,18.83,2026-04-01,2026-04-30,0.9233706720977597,1.5866639301802996,alto
109,383,2026-04,194.24,64.61,19.8,173.25,69.58,24.42,2026-04-01,2026-04-30,0.8715376782077393,1.391941340557208,alto
110,384,2026-04,199.05,103.71,17.4,201.17,98.0,21.33,2026-04-01,2026-04-30,0.9158350305498981,1.5583545556574925,alto
111,385,2026-04,209.62,106.87,18.37,208.58,101.17,21.08,2026-04-01,2026-04-30,0.9382892057026477,1.6427088405531545,alto
112,386,2026-04,185.27,100.07,16.65,183.0,95.67,16.08,2026-04-01,2026-04-30,0.8908859470468432,1.464627572440091,alto
113,388,2026-04,215.01,107.4,27.28,205.58,103.33,28.0,2026-04-01,2026-04-30,0.9730651731160895,1.7733527783847565,alto
114,390,2026-04,199.79,54.33,17.83,201.75,54.33,17.83,2026-04-01,2026-04-30,0.8278004073319756,1.2276322005903755,alto
115,393,2026-04,195.68,102.48,19.38,186.83,99.33,22.17,2026-04-01,2026-04-30,0.9227596741344195,1.5843685754892611,alto
116,397,2026-04,206.44,105.44,25.37,198.58,102.17,24.58,2026-04-01,2026-04-30,0.9470977596741343,1.6758002040156241,alto
117,399,2026-04,199.05,103.71,17.4,201.17,98.0,21.33,2026-04-01,2026-04-30,0.9158350305498981,1.5583545556574925,alto
118,40,2026-04,148.14,28.01,13.96,145.17,44.5,15.92,2026-04-01,2026-04-30,0.6129837067209776,0.42062374713278833,medio
119,409,2026-04,131.46,28.0,10.16,134.08,30.83,7.0,2026-04-01,2026-04-30,0.5527494908350306,0.1943400305079187,medio
120,41,2026-04,160.14,32.05,19.22,160.5,48.42,27.83,2026-04-01,2026-04-30,0.6973523421588594,0.7375739740536751,alto
121,410,2026-04,131.46,28.0,10.16,134.08,30.83,7.0,2026-04-01,2026-04-30,0.5527494908350306,0.1943400305079187,medio
122,415,2026-04,186.35,38.7,7.58,197.58,39.33,6.25,2026-04-01,2026-04-30,0.6079429735234216,0.40168707093172173,medio
123,416,2026-04,119.15,25.97,6.74,124.67,28.67,5.08,2026-04-01,2026-04-30,0.46812627291242365,-0.12356659420090073,medio
124,42,2026-04,94.11,44.6,15.33,96.75,49.75,18.42,2026-04-01,2026-04-30,0.6371690427698574,0.511481536986392,alto
125,422,2026-04,173.88,45.1,15.21,176.25,45.75,16.83,2026-04-01,2026-04-30,0.7195010183299388,0.8207805816038173,alto
126,426,2026-04,137.9,27.14,8.16,127.83,29.42,6.67,2026-04-01,2026-04-30,0.5321792260692464,0.11706308924295879,medio
127,43,2026-04,170.68,57.47,24.59,165.25,67.0,27.33,2026-04-01,2026-04-30,0.8361507128309572,1.2590020480345667,alto
128,435,2026-04,166.5,38.27,11.7,149.33,34.92,12.83,2026-04-01,2026-04-30,0.6414460285132383,0.5275490198236609,alto
129,448,2026-04,91.65,6.54,2.27,90.17,16.0,1.42,2026-04-01,2026-04-30,0.21690427698574338,-1.0673399313328595,baixo
130,455,2026-04,207.37,56.63,8.81,201.17,52.58,8.08,2026-04-01,2026-04-30,0.7237270875763747,0.8366567848834997,alto
131,457,2026-04,189.35,63.58,10.76,173.83,54.92,8.5,2026-04-01,2026-04-30,0.7662932790224033,0.9965664950258424,alto
132,46,2026-04,181.49,41.3,24.16,175.58,57.08,26.08,2026-04-01,2026-04-30,0.7739307535641549,1.0252584286638227,alto
133,461,2026-04,143.43,35.47,4.57,144.17,34.33,3.5,2026-04-01,2026-04-30,0.49501018329938895,-0.022570987795211057,medio
134,472,2026-04,199.83,73.68,6.63,214.42,68.5,4.25,2026-04-01,2026-04-30,0.7238289205702647,0.8370393439986727,alto
135,473,2026-04,156.94,36.78,4.85,153.25,35.58,3.58,2026-04-01,2026-04-30,0.5145621181262728,0.05088036231801791,medio
136,474,2026-04,163.88,66.64,6.42,163.92,60.42,4.5,2026-04-01,2026-04-30,0.674236252545825,0.6507330549093893,alto
137,476,2026-04,218.59,80.98,5.75,219.58,70.08,4.58,2026-04-01,2026-04-30,0.7331975560081465,0.8722347825945946,alto
138,483,2026-04,175.64,56.89,10.49,184.08,48.83,8.0,2026-04-01,2026-04-30,0.7314663951120163,0.8657312776366529,alto
139,484,2026-04,210.61,67.19,7.86,212.5,62.42,6.08,2026-04-01,2026-04-30,0.7504073319755601,0.9368872730588437,alto
140,485,2026-04,172.93,60.64,11.66,172.17,55.0,9.75,2026-04-01,2026-04-30,0.7516802443991853,0.9416692619985071,alto
141,486,2026-04,172.93,60.64,12.26,172.17,55.0,11.33,2026-04-01,2026-04-30,0.7590122199592668,0.9692135182909679,alto
142,492,2026-04,145.15,46.24,9.79,161.58,43.0,10.25,2026-04-01,2026-04-30,0.6257637474541752,0.4686349160870085,medio
143,497,2026-04,111.02,50.94,8.16,120.08,49.92,6.25,2026-04-01,2026-04-30,0.6063136456211813,0.39556612508895256,medio
144,498,2026-04,125.45,55.36,15.61,131.25,52.25,13.0,2026-04-01,2026-04-30,0.7316700610997964,0.8664963958669993,alto
145,50,2026-04,86.53,6.13,2.48,83.75,18.92,1.42,2026-04-01,2026-04-30,0.20234215885947046,-1.1220458848026083,baixo
146,507,2026-04,9.15,0.0,3.29,17.58,4.25,1.92,2026-04-01,2026-04-30,0.05626272912423626,-1.6708269355183742,baixo
147,51,2026-04,101.95,14.45,13.1,106.5,26.0,8.67,2026-04-01,2026-04-30,0.5124236252545825,0.042846620899383875,medio
148,513,2026-04,23.84,3.84,1.9,27.5,3.08,0.58,2026-04-01,2026-04-30,0.08105906313645622,-1.5776737909737322,baixo
149,518,2026-04,37.39,2.29,1.93,37.5,4.25,1.42,2026-04-01,2026-04-30,0.07942973523421588,-1.5837947368165013,baixo
150,519,2026-04,37.39,2.29,1.93,37.5,4.25,1.42,2026-04-01,2026-04-30,0.07942973523421588,-1.5837947368165013,baixo
151,52,2026-04,96.95,10.16,12.79,91.17,22.08,7.17,2026-04-01,2026-04-30,0.47219959266802447,-0.10826422959397798,medio
152,53,2026-04,96.95,10.16,12.54,91.17,22.08,7.0,2026-04-01,2026-04-30,0.46914460285132387,-0.11974100304916999,medio
153,539,2026-04,33.81,0.0,2.99,34.67,3.5,2.0,2026-04-01,2026-04-30,0.0889511201629328,-1.5480254595478193,baixo
154,550,2026-04,123.92,15.23,5.31,117.75,21.75,6.33,2026-04-01,2026-04-30,0.4034623217922607,-0.3664916323357989,medio
155,552,2026-04,111.48,11.43,4.27,109.25,17.25,3.08,2026-04-01,2026-04-30,0.3631364562118126,-0.5179850419443339,baixo
156,553,2026-04,127.72,17.74,4.93,125.25,21.25,5.0,2026-04-01,2026-04-30,0.4145621181262729,-0.32479268878193457,medio
157,554,2026-04,124.7,16.41,7.18,124.58,21.17,5.75,2026-04-01,2026-04-30,0.44999999999999996,-0.19166211670170707,medio
158,555,2026-04,101.88,11.93,3.73,104.58,20.75,4.5,2026-04-01,2026-04-30,0.3464358452138493,-0.5807247368327171,baixo
159,557,2026-04,124.08,13.32,6.42,117.75,22.33,5.0,2026-04-01,2026-04-30,0.42230142566191453,-0.29571819602878113,medio
160,565,2026-04,123.92,15.23,7.0,117.75,21.75,7.42,2026-04-01,2026-04-30,0.43798370672097764,-0.2368040922921288,medio
161,583,2026-04,73.01,9.03,3.4,77.67,9.83,2.25,2026-04-01,2026-04-30,0.2823828920570265,-0.8213544202765768,baixo
162,584,2026-04,73.01,9.03,3.32,77.67,9.83,1.83,2026-04-01,2026-04-30,0.2765784114052953,-0.8431602898414416,baixo
163,585,2026-04,90.15,11.83,3.9,92.25,13.0,2.08,2026-04-01,2026-04-30,0.33523421588594704,-0.6228062395017545,baixo
164,60,2026-04,99.48,77.24,14.23,99.5,72.25,13.42,2026-04-01,2026-04-30,0.7484725050916496,0.9296186498705552,alto
165,600,2026-04,167.08,35.95,15.37,150.58,39.08,17.25,2026-04-01,2026-04-30,0.6815682281059063,0.6782773112018498,alto
166,601,2026-04,167.08,35.95,19.38,150.58,39.08,19.67,2026-04-01,2026-04-30,0.724643584521385,0.8400998169200578,alto
167,603,2026-04,23.59,0.0,2.74,27.0,3.92,2.83,2026-04-01,2026-04-30,0.07489816700610998,-1.600818617441703,baixo
168,606,2026-04,127.47,36.95,12.43,116.17,35.17,15.42,2026-04-01,2026-04-30,0.6090631364562118,0.4058952211986252,medio
169,607,2026-04,173.45,50.1,20.0,157.92,56.25,27.92,2026-04-01,2026-04-30,0.7969450101832994,1.111716788692936,alto
170,608,2026-04,49.39,2.27,6.49,45.33,6.75,5.67,2026-04-01,2026-04-30,0.19470468431771892,-1.1507378184405885,baixo
171,61,2026-04,99.48,77.24,14.23,99.5,72.25,13.42,2026-04-01,2026-04-30,0.7484725050916496,0.9296186498705552,alto
172,610,2026-04,103.78,22.74,12.89,90.33,23.67,7.5,2026-04-01,2026-04-30,0.5358452138492872,0.13083521738918946,medio
173,611,2026-04,109.49,26.77,14.63,105.67,27.58,10.25,2026-04-01,2026-04-30,0.5812627291242363,0.30145658275637777,medio
174,613,2026-04,156.39,34.01,10.48,153.42,38.33,9.58,2026-04-01,2026-04-30,0.6036150712830958,0.3854283085368663,medio
175,614,2026-04,150.49,29.67,7.51,138.08,34.42,7.25,2026-04-01,2026-04-30,0.5327393075356416,0.11916716437641095,medio
176,616,2026-04,39.63,23.51,7.19,45.75,26.25,7.83,2026-04-01,2026-04-30,0.38981670061099793,-0.4177545537689902,medio
177,621,2026-04,171.49,74.73,18.57,175.25,65.92,21.33,2026-04-01,2026-04-30,0.8643584521384928,1.3649709229375067,alto
178,622,2026-04,171.49,74.73,18.57,175.25,65.92,21.33,2026-04-01,2026-04-30,0.8643584521384928,1.3649709229375067,alto
179,623,2026-04,161.18,66.51,11.39,160.5,60.67,16.0,2026-04-01,2026-04-30,0.7503054989816701,0.9365047139436707,alto
180,624,2026-04,214.37,95.94,15.31,200.17,95.5,21.67,2026-04-01,2026-04-30,0.8879837067209776,1.4537246376576585,alto
181,625,2026-04,140.15,58.04,9.04,140.42,51.17,13.08,2026-04-01,2026-04-30,0.6789205702647657,0.6683307742073497,alto
182,626,2026-04,49.39,2.27,10.57,45.33,6.75,12.25,2026-04-01,2026-04-30,0.26435845213849285,-0.8890673836622099,baixo
183,627,2026-04,163.86,52.17,10.99,143.17,46.08,14.75,2026-04-01,2026-04-30,0.6984725050916497,0.741782124320579,alto
184,628,2026-04,49.58,26.14,3.76,50.92,28.67,3.33,2026-04-01,2026-04-30,0.3431771894093686,-0.5929666285182554,baixo
185,629,2026-04,155.08,71.72,14.86,153.67,66.92,16.33,2026-04-01,2026-04-30,0.7953156822810591,1.1055958428501667,alto
186,630,2026-04,142.83,59.31,12.47,144.58,54.67,15.08,2026-04-01,2026-04-30,0.7230142566191446,0.8339788710772885,alto
187,634,2026-04,128.49,50.36,10.09,135.5,49.5,12.08,2026-04-01,2026-04-30,0.6414460285132383,0.5275490198236609,alto
188,635,2026-04,128.49,50.36,8.13,135.5,49.5,10.17,2026-04-01,2026-04-30,0.6170061099796333,0.4357348321821244,medio
189,636,2026-04,197.6,48.62,28.6,189.25,57.42,39.0,2026-04-01,2026-04-30,0.8212830957230144,1.2031484172192994,alto
190,638,2026-04,175.49,52.02,18.95,158.5,58.17,29.25,2026-04-01,2026-04-30,0.805804480651731,1.1449994317129921,alto
191,639,2026-04,184.53,55.58,20.5,152.5,55.83,30.75,2026-04-01,2026-04-30,0.8317718940936865,1.2425520060821253,alto
192,645,2026-04,78.1,3.49,6.32,74.75,14.67,5.42,2026-04-01,2026-04-30,0.23839103869653766,-0.9866199580313423,baixo
193,650,2026-04,101.29,45.25,14.74,91.75,48.0,19.83,2026-04-01,2026-04-30,0.6437881873727087,0.5363478794726413,alto
194,651,2026-04,78.83,27.1,14.41,70.08,31.0,19.75,2026-04-01,2026-04-30,0.55010183299389,0.184393493513419,medio
195,652,2026-04,78.83,27.1,13.27,70.08,31.0,16.92,2026-04-01,2026-04-30,0.5348268839103869,0.1270096262374585,medio
196,653,2026-04,79.63,23.48,12.34,70.5,32.92,17.75,2026-04-01,2026-04-30,0.5086558044806517,0.02869193363798024,medio
197,663,2026-04,62.17,37.15,7.89,67.42,32.83,9.17,2026-04-01,2026-04-30,0.48859470468431776,-0.04667221205111399,medio
198,665,2026-04,129.15,76.13,15.11,131.5,74.92,18.17,2026-04-01,2026-04-30,0.7856415478615071,1.069252726908725,alto
199,669,2026-04,105.28,54.13,15.28,89.83,62.17,21.67,2026-04-01,2026-04-30,0.7047861507128309,0.765500789461309,alto
200,67,2026-04,21.38,9.32,10.4,23.0,9.67,11.0,2026-04-01,2026-04-30,0.35916496945010185,-0.5329048474360835,baixo
201,678,2026-04,106.88,33.08,13.22,89.42,39.08,21.5,2026-04-01,2026-04-30,0.589714867617108,0.3332089893157426,medio
202,679,2026-04,94.81,50.84,5.57,95.08,44.42,4.0,2026-04-01,2026-04-30,0.5290224032586558,0.10520375667259381,medio
203,68,2026-04,10.56,6.43,5.23,11.25,6.83,6.92,2026-04-01,2026-04-30,0.18920570264765785,-1.171396010659934,baixo
204,687,2026-04,71.56,48.07,11.81,64.0,49.25,15.25,2026-04-01,2026-04-30,0.589918533604888,0.33397410754608853,medio
205,688,2026-04,71.56,48.07,9.01,64.0,49.25,11.75,2026-04-01,2026-04-30,0.5569246435845214,0.21002495423001463,medio
206,691,2026-04,125.8,18.4,12.97,121.58,26.75,9.5,2026-04-01,2026-04-30,0.5437881873727088,0.160674828372689,medio
207,692,2026-04,141.49,23.22,6.75,129.75,28.83,7.5,2026-04-01,2026-04-30,0.48156822810590627,-0.073068790998056,medio
208,693,2026-04,125.8,18.4,5.23,121.58,26.75,5.5,2026-04-01,2026-04-30,0.4179226069246436,-0.31216823798122323,medio
209,696,2026-04,62.17,37.15,10.07,67.42,32.83,11.08,2026-04-01,2026-04-30,0.5148676171079429,0.05202803966353724,medio
210,70,2026-04,75.96,38.96,13.9,76.42,37.83,13.58,2026-04-01,2026-04-30,0.5836048879837068,0.3102554424053586,medio
211,711,2026-04,179.57,78.73,14.25,166.5,75.08,16.08,2026-04-01,2026-04-30,0.8287169042769857,1.231075232626933,alto
212,712,2026-04,43.92,13.99,8.66,39.25,23.5,14.83,2026-04-01,2026-04-30,0.39114052953156825,-0.41278128527174013,medio
213,721,2026-04,65.88,21.74,15.77,59.33,29.08,21.83,2026-04-01,2026-04-30,0.5326883910386966,0.11897588481882447,medio
214,73,2026-04,75.96,38.96,13.9,76.42,37.83,13.58,2026-04-01,2026-04-30,0.5836048879837068,0.3102554424053586,medio
215,731,2026-04,34.33,12.89,10.4,32.5,16.08,10.67,2026-04-01,2026-04-30,0.40071283095723015,-0.3768207284454718,medio
216,737,2026-04,92.83,53.04,17.06,77.92,64.42,25.92,2026-04-01,2026-04-30,0.7126272912423626,0.7949578413296357,alto
217,741,2026-04,10.56,6.43,5.65,11.25,6.83,7.0,2026-04-01,2026-04-30,0.1989816700610998,-1.1346703356033194,baixo
218,743,2026-04,10.56,6.43,5.65,11.25,6.83,7.0,2026-04-01,2026-04-30,0.1989816700610998,-1.1346703356033194,baixo
219,745,2026-04,67.18,20.72,14.14,59.5,31.42,22.25,2026-04-01,2026-04-30,0.504989816700611,0.014919805491749993,medio
220,746,2026-04,67.18,20.72,15.41,59.5,31.42,23.0,2026-04-01,2026-04-30,0.525152749490835,0.0906665102960172,medio
221,753,2026-04,52.7,38.3,17.27,45.67,42.08,17.83,2026-04-01,2026-04-30,0.6058044806517311,0.39365332951308685,medio
222,754,2026-04,30.98,11.25,13.08,30.0,10.83,13.33,2026-04-01,2026-04-30,0.4214867617107943,-0.2987786689501659,medio
223,756,2026-04,52.7,38.3,17.13,45.67,42.08,17.83,2026-04-01,2026-04-30,0.6030549898167006,0.38332423340341415,medio
224,757,2026-04,53.81,39.55,17.43,47.17,42.67,18.0,2026-04-01,2026-04-30,0.6132382892057027,0.42158014492072116,medio
225,759,2026-04,52.7,38.3,17.13,45.67,42.08,17.58,2026-04-01,2026-04-30,0.6030549898167006,0.38332423340341415,medio
226,764,2026-04,10.56,6.43,5.23,11.25,6.83,6.92,2026-04-01,2026-04-30,0.18920570264765785,-1.171396010659934,baixo
227,765,2026-04,21.38,9.32,8.87,23.0,9.67,10.5,2026-04-01,2026-04-30,0.34205702647657843,-0.5971747787851589,baixo
228,766,2026-04,100.49,21.55,10.93,97.42,33.75,21.5,2026-04-01,2026-04-30,0.5074338085539715,0.02410122425590335,medio
229,770,2026-04,42.52,36.15,12.72,38.67,40.92,14.25,2026-04-01,2026-04-30,0.5234215885947047,0.08416300533807504,medio
230,771,2026-04,42.52,36.15,12.9,38.67,40.92,14.58,2026-04-01,2026-04-30,0.525254582484725,0.09104906941119016,medio
231,774,2026-04,50.5,18.04,3.52,48.0,26.0,5.25,2026-04-01,2026-04-30,0.31079429735234215,-0.7146204271432909,baixo
232,775,2026-04,50.5,18.04,6.59,48.0,26.0,8.5,2026-04-01,2026-04-30,0.37097759674134423,-0.48852799007600756,medio
233,778,2026-04,45.45,34.59,13.47,41.42,44.25,22.08,2026-04-01,2026-04-30,0.5266802443991854,0.0964048970236134,medio
234,779,2026-04,58.23,40.5,4.28,57.0,53.25,6.92,2026-04-01,2026-04-30,0.4233197556008147,-0.2918926048770506,medio
235,780,2026-04,58.23,40.5,10.21,57.0,53.25,18.17,2026-04-01,2026-04-30,0.529633401221996,0.10749911136363245,medio
236,783,2026-04,25.95,11.06,2.85,26.75,11.25,6.67,2026-04-01,2026-04-30,0.23431771894093686,-1.0019223226382648,baixo
237,785,2026-04,84.66,50.74,12.14,71.83,64.33,19.75,2026-04-01,2026-04-30,0.6263747454175153,0.4709302707780468,medio
238,786,2026-04,70.35,21.08,16.87,61.42,32.58,24.42,2026-04-01,2026-04-30,0.55020366598778,0.18477605262859195,medio
239,788,2026-04,21.38,9.32,10.32,23.0,9.67,10.08,2026-04-01,2026-04-30,0.35763747454175154,-0.5386432341636795,baixo
240,790,2026-04,79.67,48.23,20.7,67.58,57.42,28.17,2026-04-01,2026-04-30,0.6938900203665987,0.7245669641377908,alto
241,791,2026-04,10.56,6.43,3.37,11.25,6.83,3.17,2026-04-01,2026-04-30,0.15560081466395112,-1.2976405186670463,baixo
242,793,2026-04,17.19,23.25,2.68,18.58,30.33,3.08,2026-04-01,2026-04-30,0.26089613034623216,-0.9020743935780943,baixo
243,794,2026-04,67.18,20.72,14.14,59.5,31.42,22.17,2026-04-01,2026-04-30,0.504989816700611,0.014919805491749993,medio
244,796,2026-04,21.38,9.32,8.87,23.0,9.67,10.5,2026-04-01,2026-04-30,0.34205702647657843,-0.5971747787851589,baixo
245,798,2026-04,21.38,9.32,9.62,23.0,9.67,10.83,2026-04-01,2026-04-30,0.34755600814663956,-0.5765165865658132,baixo
246,799,2026-04,49.87,33.96,9.37,41.75,42.08,11.92,2026-04-01,2026-04-30,0.4802443991853361,-0.07804205949530545,medio
247,80,2026-04,55.28,28.05,5.45,57.33,28.33,4.17,2026-04-01,2026-04-30,0.3892057026476578,-0.42004990846002865,medio
248,801,2026-04,59.6,11.04,13.4,57.08,16.67,10.92,2026-04-01,2026-04-30,0.4485743380855397,-0.19701794431412992,medio
249,802,2026-04,14.02,6.41,7.16,15.58,6.5,6.92,2026-04-01,2026-04-30,0.23380855397148675,-1.0038351182141303,baixo
250,803,2026-04,59.6,11.04,14.04,57.08,16.67,11.75,2026-04-01,2026-04-30,0.45529531568228104,-0.17176904271270743,medio
251,804,2026-04,16.98,6.69,8.39,18.75,4.0,5.5,2026-04-01,2026-04-30,0.28630346232179227,-0.8066258943424137,baixo
252,805,2026-04,48.32,0.0,2.48,47.75,10.75,1.25,2026-04-01,2026-04-30,0.08905295315682281,-1.5476429004326464,baixo
253,807,2026-04,7.12,4.09,2.28,7.0,1.17,1.17,2026-04-01,2026-04-30,0.045112016293279024,-1.712717158629825,baixo
254,808,2026-04,9.49,4.77,3.23,11.75,2.83,1.92,2026-04-01,2026-04-30,0.08910386965376782,-1.54745162087506,baixo
255,809,2026-04,7.12,4.09,2.28,7.0,1.17,1.17,2026-04-01,2026-04-30,0.045112016293279024,-1.712717158629825,baixo
256,810,2026-04,47.94,5.33,8.09,51.33,12.08,6.58,2026-04-01,2026-04-30,0.27393075356415475,-0.8531068268359416,baixo
257,812,2026-04,14.02,6.41,6.47,15.58,6.5,7.42,2026-04-01,2026-04-30,0.22250509164969448,-1.046299179998341,baixo
258,817,2026-04,9.06,0.0,2.66,15.33,3.92,2.67,2026-04-01,2026-04-30,0.02795315682281059,-1.7771783695364873,baixo
259,819,2026-04,6.26,3.33,3.18,3.83,3.67,5.08,2026-04-01,2026-04-30,0.05723014256619145,-1.66719262392423,baixo
260,820,2026-04,13.14,7.42,3.34,13.25,3.42,3.17,2026-04-01,2026-04-30,0.18727087576374746,-1.1786646338482223,baixo
261,821,2026-04,9.49,4.77,3.25,11.75,2.83,1.92,2026-04-01,2026-04-30,0.09551934826883911,-1.5233503966191566,baixo
262,822,2026-04,9.49,4.77,3.25,11.75,2.83,1.92,2026-04-01,2026-04-30,0.09551934826883911,-1.5233503966191566,baixo
263,825,2026-04,16.98,6.69,8.39,18.75,4.0,5.5,2026-04-01,2026-04-30,0.28630346232179227,-0.8066258943424137,baixo
264,826,2026-04,9.49,4.77,3.25,11.75,2.83,2.42,2026-04-01,2026-04-30,0.09551934826883911,-1.5233503966191566,baixo
265,829,2026-04,48.68,5.28,3.01,49.17,9.17,3.0,2026-04-01,2026-04-30,0.1554989816700611,-1.2980230777822195,baixo
266,830,2026-04,9.49,4.77,3.25,11.75,2.83,1.92,2026-04-01,2026-04-30,0.09551934826883911,-1.5233503966191566,baixo
267,831,2026-04,34.99,2.45,6.26,36.0,8.17,3.75,2026-04-01,2026-04-30,0.18034623217922607,-1.204678653679991,baixo
268,833,2026-04,16.98,6.69,7.37,18.75,4.0,4.33,2026-04-01,2026-04-30,0.25972505091649695,-0.9064738234025844,baixo
269,834,2026-04,13.14,7.42,3.34,13.25,3.42,3.17,2026-04-01,2026-04-30,0.18727087576374746,-1.1786646338482223,baixo
270,835,2026-04,13.14,7.42,3.34,13.25,3.42,3.17,2026-04-01,2026-04-30,0.18727087576374746,-1.1786646338482223,baixo
271,836,2026-04,9.49,4.77,3.25,11.75,2.83,1.92,2026-04-01,2026-04-30,0.09551934826883911,-1.5233503966191566,baixo
272,837,2026-04,9.49,4.77,3.25,11.75,2.83,1.92,2026-04-01,2026-04-30,0.09551934826883911,-1.5233503966191566,baixo
273,838,2026-04,13.14,7.42,3.34,13.25,3.42,3.17,2026-04-01,2026-04-30,0.18727087576374746,-1.1786646338482223,baixo
274,840,2026-04,16.98,6.69,8.39,18.75,4.0,5.5,2026-04-01,2026-04-30,0.28630346232179227,-0.8066258943424137,baixo
275,841,2026-04,9.49,4.77,4.18,11.75,2.83,2.67,2026-04-01,2026-04-30,0.12362525458248472,-1.4177640808313898,baixo
276,842,2026-04,16.98,6.69,7.37,18.75,4.0,4.33,2026-04-01,2026-04-30,0.25972505091649695,-0.9064738234025844,baixo
277,843,2026-04,9.49,4.77,3.25,11.75,2.83,1.92,2026-04-01,2026-04-30,0.09551934826883911,-1.5233503966191566,baixo
278,844,2026-04,48.32,0.0,2.83,47.75,10.75,2.58,2026-04-01,2026-04-30,0.09821792260692463,-1.5132125800670704,baixo
279,845,2026-04,13.14,7.42,3.25,13.25,3.42,1.92,2026-04-01,2026-04-30,0.17718940936863545,-1.2165379862503558,baixo
280,846,2026-04,9.49,4.77,3.25,11.75,2.83,1.92,2026-04-01,2026-04-30,0.09551934826883911,-1.5233503966191566,baixo
281,847,2026-04,9.49,4.77,3.25,11.75,2.83,1.92,2026-04-01,2026-04-30,0.09551934826883911,-1.5233503966191566,baixo
282,848,2026-04,9.49,4.77,3.25,11.75,2.83,2.08,2026-04-01,2026-04-30,0.09551934826883911,-1.5233503966191566,baixo
283,849,2026-04,16.98,6.69,8.39,18.75,4.0,5.5,2026-04-01,2026-04-30,0.28630346232179227,-0.8066258943424137,baixo
284,850,2026-04,9.49,4.77,3.25,11.75,2.83,1.92,2026-04-01,2026-04-30,0.09551934826883911,-1.5233503966191566,baixo
285,851,2026-04,9.49,4.77,3.25,11.75,2.83,2.08,2026-04-01,2026-04-30,0.09551934826883911,-1.5233503966191566,baixo
286,852,2026-04,13.14,7.42,4.15,13.25,3.42,3.42,2026-04-01,2026-04-30,0.20407331975560083,-1.115542379844666,baixo
287,853,2026-04,24.53,10.88,12.06,24.5,10.25,12.17,2026-04-01,2026-04-30,0.3966395112016293,-0.39212309305239457,medio
288,854,2026-04,25.23,6.91,3.62,28.58,7.33,3.25,2026-04-01,2026-04-30,0.20885947046843178,-1.0975621014315318,baixo
289,855,2026-04,24.53,10.88,11.9,24.5,10.25,11.33,2026-04-01,2026-04-30,0.39541751527494906,-0.39671380243447146,medio
290,856,2026-04,13.14,7.42,4.15,13.25,3.42,3.42,2026-04-01,2026-04-30,0.20407331975560083,-1.115542379844666,baixo
291,857,2026-04,13.14,7.42,4.4,13.25,3.42,3.42,2026-04-01,2026-04-30,0.2129327902240326,-1.0822597368246092,baixo
292,859,2026-04,9.7,0.0,2.57,13.17,1.0,1.67,2026-04-01,2026-04-30,0.04261710794297352,-1.7220898569515655,baixo
293,861,2026-04,98.59,9.42,14.99,96.92,19.92,10.67,2026-04-01,2026-04-30,0.49857433808553964,-0.009181418764153777,medio
294,862,2026-04,86.53,6.13,5.63,83.75,18.92,5.42,2026-04-01,2026-04-30,0.2781059063136456,-0.8374219031138457,baixo
295,863,2026-04,86.53,6.13,5.88,83.75,18.92,6.58,2026-04-01,2026-04-30,0.2845213849287169,-0.8133206788579423,baixo
296,864,2026-04,21.38,9.32,10.79,23.0,9.67,10.25,2026-04-01,2026-04-30,0.36558044806517315,-0.5088036231801801,baixo
297,865,2026-04,34.99,2.45,6.26,36.0,8.17,3.75,2026-04-01,2026-04-30,0.18034623217922607,-1.204678653679991,baixo
298,866,2026-04,13.14,7.42,4.4,13.25,3.42,3.42,2026-04-01,2026-04-30,0.2129327902240326,-1.0822597368246092,baixo
299,867,2026-04,25.23,6.91,3.62,28.58,7.33,3.25,2026-04-01,2026-04-30,0.20885947046843178,-1.0975621014315318,baixo
300,868,2026-04,16.98,6.69,8.39,18.75,4.0,5.5,2026-04-01,2026-04-30,0.28630346232179227,-0.8066258943424137,baixo
301,869,2026-04,9.49,4.77,4.18,11.75,2.83,2.92,2026-04-01,2026-04-30,0.12362525458248472,-1.4177640808313898,baixo
302,870,2026-04,9.08,8.26,2.3,8.5,1.75,1.33,2026-04-01,2026-04-30,0.139867617107943,-1.3567459019612855,baixo
303,871,2026-04,9.08,8.26,2.73,8.5,1.75,2.58,2026-04-01,2026-04-30,0.14872708757637476,-1.3234632589412285,baixo
304,872,2026-04,5.37,12.79,1.95,1.5,0.58,1.67,2026-04-01,2026-04-30,0.16822810590631368,-1.250203188385586,baixo
305,878,2026-04,98.59,9.42,6.61,96.92,19.92,5.83,2026-04-01,2026-04-30,0.3782077393075356,-0.46136629289872,medio
306,880,2026-04,86.53,6.13,5.88,83.75,18.92,6.58,2026-04-01,2026-04-30,0.2845213849287169,-0.8133206788579423,baixo
307,881,2026-04,96.82,10.62,12.21,99.08,22.83,6.75,2026-04-01,2026-04-30,0.46547861507128313,-0.13351313119540045,medio
308,883,2026-04,24.53,10.88,11.9,24.5,10.25,11.33,2026-04-01,2026-04-30,0.39541751527494906,-0.39671380243447146,medio
309,884,2026-04,13.14,7.42,3.34,13.25,3.42,3.33,2026-04-01,2026-04-30,0.18727087576374746,-1.1786646338482223,baixo
310,885,2026-04,9.08,8.26,2.76,8.5,1.75,2.67,2026-04-01,2026-04-30,0.15025458248472506,-1.3177248722136325,baixo
311,892,2026-04,7.12,4.09,2.3,7.0,1.17,1.17,2026-04-01,2026-04-30,0.04633401221995927,-1.7081264492477484,baixo
312,893,2026-04,16.98,6.69,7.37,18.75,4.0,4.33,2026-04-01,2026-04-30,0.25972505091649695,-0.9064738234025844,baixo
313,894,2026-04,9.49,4.77,3.25,11.75,2.83,2.08,2026-04-01,2026-04-30,0.09551934826883911,-1.5233503966191566,baixo
314,895,2026-04,9.49,4.77,3.25,11.75,2.83,1.92,2026-04-01,2026-04-30,0.09551934826883911,-1.5233503966191566,baixo
315,897,2026-04,9.08,8.26,5.17,8.5,1.75,3.83,2026-04-01,2026-04-30,0.20829938900203665,-1.0996661765649838,baixo
316,898,2026-04,17.61,8.9,8.39,20.25,4.58,5.67,2026-04-01,2026-04-30,0.32454175152749487,-0.6629749465949268,baixo
317,899,2026-04,66.59,6.11,4.58,64.58,15.25,4.58,2026-04-01,2026-04-30,0.235132382892057,-0.9988618497168804,baixo
318,90,2026-04,59.68,31.02,7.47,71.33,29.5,7.5,2026-04-01,2026-04-30,0.4445010183299389,-0.21232030892105266,medio
319,900,2026-04,86.53,6.13,9.62,83.75,18.92,7.5,2026-04-01,2026-04-30,0.3529531568228106,-0.5562409534616407,baixo
320,901,2026-04,33.46,15.95,6.42,37.42,20.67,8.25,2026-04-01,2026-04-30,0.3422606924643585,-0.5964096605548128,baixo
321,905,2026-04,59.32,30.29,8.28,61.67,32.58,7.08,2026-04-01,2026-04-30,0.4606924643584521,-0.15149340960853483,medio
322,906,2026-04,65.46,33.0,9.45,66.08,30.83,8.83,2026-04-01,2026-04-30,0.4964358452138493,-0.017215160182787813,medio
323,908,2026-04,99.07,50.26,13.95,99.92,58.25,19.75,2026-04-01,2026-04-30,0.655295315682281,0.5795770594871982,alto
324,910,2026-04,66.87,32.2,9.56,67.83,33.25,10.33,2026-04-01,2026-04-30,0.49266802443991853,-0.03136984744419145,medio
325,913,2026-04,39.63,23.51,5.56,45.75,26.25,7.0,2026-04-01,2026-04-30,0.3556008146639511,-0.546294416467141,baixo
326,915,2026-04,33.46,15.95,5.8,37.42,20.67,6.33,2026-04-01,2026-04-30,0.32881873727087574,-0.646907463757658,baixo
327,917,2026-04,138.51,60.57,18.29,129.08,65.42,28.58,2026-04-01,2026-04-30,0.7970468431771893,1.1120993478081085,alto
328,918,2026-04,114.28,51.8,14.34,111.33,62.33,16.17,2026-04-01,2026-04-30,0.6895112016293279,0.7081169221853489,alto
329,919,2026-04,81.78,62.83,16.77,80.33,61.0,19.08,2026-04-01,2026-04-30,0.7393075356415479,0.8951883295049795,alto
330,920,2026-04,78.28,60.99,9.85,74.17,60.33,13.17,2026-04-01,2026-04-30,0.6370672097759674,0.511098977871219,alto
331,921,2026-04,5.95,3.16,2.18,6.17,0.67,1.0,2026-04-01,2026-04-30,0.03085539714867617,-1.7662754347540548,baixo
332,922,2026-04,5.95,3.16,1.92,6.17,0.67,0.75,2026-04-01,2026-04-30,0.026883910386965377,-1.7811952402458044,baixo
333,925,2026-04,5.95,3.16,2.18,6.17,0.67,1.67,2026-04-01,2026-04-30,0.03085539714867617,-1.7662754347540548,baixo
334,926,2026-04,64.36,47.61,14.38,57.33,50.67,15.17,2026-04-01,2026-04-30,0.6083503054989816,0.40321730739241357,medio
335,928,2026-04,104.85,51.55,16.18,104.58,59.58,17.42,2026-04-01,2026-04-30,0.7038696537678207,0.7620577574247515,alto
336,932,2026-04,48.68,5.28,11.01,49.17,9.17,7.0,2026-04-01,2026-04-30,0.31527494908350306,-0.6977878260756758,baixo
337,940,2026-04,86.65,42.79,14.17,90.58,49.08,15.25,2026-04-01,2026-04-30,0.615071283095723,0.42846620899383625,medio
338,946,2026-04,101.93,79.5,17.45,110.0,82.17,24.42,2026-04-01,2026-04-30,0.7996945010183298,1.1220458848026083,alto
339,954,2026-04,47.94,5.33,12.47,51.33,12.08,7.67,2026-04-01,2026-04-30,0.32830957230142566,-0.6488202593335232,baixo
340,961,2026-04,96.82,10.62,7.0,99.08,22.83,8.08,2026-04-01,2026-04-30,0.38696537678207743,-0.42846620899383586,medio
341,975,2026-04,94.11,44.6,14.91,96.75,49.75,18.17,2026-04-01,2026-04-30,0.6316700610997963,0.4908233447670462,medio
342,979,2026-04,106.7,60.48,17.25,115.17,58.17,24.33,2026-04-01,2026-04-30,0.7581466395112016,0.9659617658119969,alto
343,987,2026-04,48.68,5.28,11.01,49.17,9.17,7.0,2026-04-01,2026-04-30,0.31527494908350306,-0.6977878260756758,baixo
344,990,2026-04,86.53,6.13,7.97,83.75,18.92,6.33,2026-04-01,2026-04-30,0.3324847250509165,-0.6331353356114274,baixo
345,ESP01,2026-04,59.68,31.02,7.64,71.33,29.5,8.08,2026-04-01,2026-04-30,0.45030549898167005,-0.19051443935618775,medio
346,LECD126,2026-04,23.12,4.53,3.63,24.67,6.83,2.75,2026-04-01,2026-04-30,0.13533604887983708,-1.373769782586487,baixo
347,LECD127,2026-04,113.3,26.0,4.05,134.33,22.92,2.75,2026-04-01,2026-04-30,0.4132382892057026,-0.3297659572791846,medio
348,LECD128,2026-04,163.34,40.35,4.24,163.33,37.92,2.83,2026-04-01,2026-04-30,0.5229633401221996,0.08244148931979627,medio
349,LECD129,2026-04,161.31,28.78,7.51,149.92,30.08,5.17,2026-04-01,2026-04-30,0.5415478615071283,0.1522585278388812,medio
350,LECD130,2026-04,163.34,40.35,4.24,163.33,37.92,2.83,2026-04-01,2026-04-30,0.5229633401221996,0.08244148931979627,medio
351,LECD131,2026-04,113.93,32.23,4.44,117.17,30.42,3.08,2026-04-01,2026-04-30,0.44979633401221997,-0.19242723493205302,medio
352,LECD132,2026-04,199.23,51.72,14.7,185.58,47.58,16.75,2026-04-01,2026-04-30,0.7717922606924643,1.0172246872451878,alto
353,LECD133,2026-04,143.43,35.47,4.37,144.17,34.33,3.42,2026-04-01,2026-04-30,0.4910386965376782,-0.03749079328696063,medio
354,LECD134,2026-04,151.55,32.35,5.31,148.58,32.67,3.33,2026-04-01,2026-04-30,0.4964358452138493,-0.017215160182787813,medio
355,LECD135,2026-04,48.05,6.62,3.44,57.17,10.42,2.5,2026-04-01,2026-04-30,0.20885947046843178,-1.0975621014315318,baixo
356,LECD136,2026-04,171.82,40.12,6.25,168.58,38.67,4.5,2026-04-01,2026-04-30,0.5710794297352342,0.26320067123907076,medio
357,LECD137,2026-04,156.96,25.96,5.66,168.0,28.5,3.83,2026-04-01,2026-04-30,0.484826883910387,-0.06082689931251763,medio
358,LECD138,2026-04,51.78,4.55,3.4,53.58,5.67,2.42,2026-04-01,2026-04-30,0.1590631364562118,-1.284633508751162,baixo
359,LECD139,2026-04,159.82,32.71,7.36,156.58,33.92,5.75,2026-04-01,2026-04-30,0.5471486761710794,0.17329927917339993,medio
360,LECD140,2026-04,79.59,26.49,13.66,68.42,34.42,19.17,2026-04-01,2026-04-30,0.5349287169042769,0.12739218535263147,medio
361,LECD141,2026-04,79.59,26.49,15.12,68.42,34.42,19.58,2026-04-01,2026-04-30,0.5563136456211812,0.207729599538976,medio
362,LECD142,2026-04,50.5,18.04,3.52,48.0,26.0,5.17,2026-04-01,2026-04-30,0.31079429735234215,-0.7146204271432909,baixo
363,LECD143,2026-04,25.11,25.82,2.45,27.08,33.17,2.83,2026-04-01,2026-04-30,0.27535641547861506,-0.8477509992235186,baixo
364,LECD144,2026-04,18.52,7.31,6.01,19.08,9.5,8.25,2026-04-01,2026-04-30,0.24857433808553972,-0.9483640465140353,baixo
365,LECD145,2026-04,18.52,7.31,6.01,19.08,9.5,8.25,2026-04-01,2026-04-30,0.24857433808553972,-0.9483640465140353,baixo
366,LECD146,2026-04,12.58,4.7,5.46,10.33,7.0,8.0,2026-04-01,2026-04-30,0.14765784114052954,-1.3274801296505456,baixo
367,LECD147,2026-04,129.15,76.13,14.81,131.5,74.92,14.42,2026-04-01,2026-04-30,0.7825865580448065,1.057775953453533,alto
368,LECD148,2026-04,101.23,53.28,14.75,85.17,60.58,20.33,2026-04-01,2026-04-30,0.6924643584521385,0.7192111365253679,alto
369,SN007,2026-04,56.78,10.61,4.28,73.33,13.75,2.58,2026-04-01,2026-04-30,0.29256619144602847,-0.7830985087592702,baixo
370,SN104,2026-04,168.56,40.28,6.31,158.17,36.92,4.33,2026-04-01,2026-04-30,0.5682790224032587,0.2526802955718116,medio
371,SN133,2026-04,67.11,24.33,4.06,69.5,25.58,3.17,2026-04-01,2026-04-30,0.3608961303462322,-0.5264013424781414,baixo
372,SN209,2026-04,122.01,48.24,3.2,129.5,48.67,2.25,2026-04-01,2026-04-30,0.47275967413441955,-0.10616015446052622,medio
373,SN232,2026-04,177.03,49.94,6.93,162.0,47.33,11.0,2026-04-01,2026-04-30,0.6268329938900203,0.4726517867963255,medio
374,SN238,2026-04,169.86,45.51,16.25,154.58,45.25,18.42,2026-04-01,2026-04-30,0.7287678207739308,0.8555934610845668,alto
375,SN265,2026-04,187.75,85.79,16.4,193.5,82.75,21.58,2026-04-01,2026-04-30,0.87550916496945,1.4068611460489573,alto
376,SN298,2026-04,220.52,98.54,15.55,204.33,95.67,20.25,2026-04-01,2026-04-30,0.9015784114052954,1.5047962795332632,alto
377,SN302,2026-04,150.29,34.15,7.54,145.83,39.58,6.75,2026-04-01,2026-04-30,0.5536150712830957,0.19759178298688979,medio
378,SN312,2026-04,171.92,73.1,9.31,171.0,67.42,7.17,2026-04-01,2026-04-30,0.7474032586558046,0.9256017791612385,alto
379,SN324,2026-04,153.26,56.53,8.71,161.25,54.83,9.5,2026-04-01,2026-04-30,0.6740325865580448,0.6499679366790425,alto
380,SN328,2026-04,153.26,56.53,9.96,161.25,54.83,10.25,2026-04-01,2026-04-30,0.6862525458248472,0.6958750304998106,alto
381,SN353,2026-04,241.19,71.35,25.84,233.33,78.42,35.83,2026-04-01,2026-04-30,0.9235234215885947,1.5872377688530592,alto
382,SN355,2026-04,132.68,58.51,18.77,133.92,60.08,21.5,2026-04-01,2026-04-30,0.7902240325865582,1.0864678870915137,alto
383,SN363,2026-04,216.09,70.74,17.22,218.58,75.67,22.58,2026-04-01,2026-04-30,0.8819755600814664,1.4311536498624475,alto
384,SN368,2026-04,236.81,64.73,19.37,242.67,63.75,19.58,2026-04-01,2026-04-30,0.9007128309572301,1.5015445270542918,alto
385,SN383,2026-04,196.32,64.61,19.8,173.25,69.58,24.42,2026-04-01,2026-04-30,0.8740835030549898,1.4015053184365347,alto
386,SN388,2026-04,236.16,114.19,27.59,231.17,108.83,31.58,2026-04-01,2026-04-30,0.9939918533604888,1.8519686765528223,alto
387,SN393,2026-04,217.83,109.27,21.65,212.42,104.83,26.17,2026-04-01,2026-04-30,0.9702647657841139,1.7628324027174969,alto
388,SN397,2026-04,225.76,112.22,26.29,224.17,107.67,28.33,2026-04-01,2026-04-30,0.9862525458248472,1.822894183799669,alto
389,SN399,2026-04,212.42,106.87,17.47,208.58,101.17,17.75,2026-04-01,2026-04-30,0.9355906313645621,1.6325710240010678,alto
390,SN415,2026-04,164.87,32.44,7.26,155.0,34.25,6.0,2026-04-01,2026-04-30,0.55030549898167,0.18515861174376494,medio
391,SN422,2026-04,173.88,45.1,12.71,176.25,45.75,15.42,2026-04-01,2026-04-30,0.6883401221995926,0.7037174923608586,alto
392,SN457,2026-04,207.66,62.99,7.81,192.67,54.17,7.83,2026-04-01,2026-04-30,0.7343177189409369,0.876442932861499,alto
393,SN474,2026-04,212.09,83.61,6.78,207.58,72.92,5.17,2026-04-01,2026-04-30,0.7496945010183299,0.934209359252632,alto
394,SN483,2026-04,210.61,67.19,15.59,212.5,62.42,12.58,2026-04-01,2026-04-30,0.8521384928716904,1.3190638291167385,alto
395,SN497,2026-04,111.02,50.94,8.09,120.08,49.92,6.25,2026-04-01,2026-04-30,0.6038696537678208,0.38638470632479877,medio
396,SN550,2026-04,123.92,15.23,5.31,117.75,21.75,6.33,2026-04-01,2026-04-30,0.4034623217922607,-0.3664916323357989,medio
397,SN554,2026-04,124.7,16.41,7.11,124.58,21.17,5.75,2026-04-01,2026-04-30,0.4475560081466395,-0.20084353546586065,medio
398,SN565,2026-04,123.92,15.23,6.94,117.75,21.75,7.42,2026-04-01,2026-04-30,0.43706720977596747,-0.24024712432868633,medio
399,SN600,2026-04,167.08,35.95,15.37,150.58,39.08,17.25,2026-04-01,2026-04-30,0.6815682281059063,0.6782773112018498,alto
400,SN624,2026-04,214.37,95.94,16.44,200.17,95.5,22.5,2026-04-01,2026-04-30,0.9069246435845214,1.5248806330798492,alto
401,SN629,2026-04,183.69,75.1,17.16,172.0,69.75,23.25,2026-04-01,2026-04-30,0.8626272912423625,1.3584674179795644,alto
402,SN634,2026-04,128.49,50.36,10.08,135.5,49.5,12.08,2026-04-01,2026-04-30,0.6408350305498982,0.5252536651326226,alto
403,SN636,2026-04,197.6,48.62,28.6,189.25,57.42,37.0,2026-04-01,2026-04-30,0.8212830957230144,1.2031484172192994,alto
404,SN639,2026-04,184.53,55.58,20.5,152.5,55.83,30.75,2026-04-01,2026-04-30,0.8317718940936865,1.2425520060821253,alto
405,SN696,2026-04,62.17,37.15,10.13,67.42,32.83,11.17,2026-04-01,2026-04-30,0.5173116089613035,0.061209458427691016,medio
406,SN731,2026-04,34.33,12.89,9.63,32.5,16.08,10.17,2026-04-01,2026-04-30,0.39002036659877803,-0.41698943553864387,medio
407,SN779,2026-04,58.23,40.5,4.28,57.0,53.25,6.92,2026-04-01,2026-04-30,0.4233197556008147,-0.2918926048770506,medio
408,SN790,2026-04,79.67,48.23,20.7,67.58,57.42,28.17,2026-04-01,2026-04-30,0.6938900203665987,0.7245669641377908,alto
409,SN794,2026-04,67.18,20.72,15.41,59.5,31.42,22.92,2026-04-01,2026-04-30,0.525152749490835,0.0906665102960172,medio
410,SN803,2026-04,59.6,11.04,14.04,57.08,16.67,11.75,2026-04-01,2026-04-30,0.45529531568228104,-0.17176904271270743,medio
411,SN810,2026-04,47.94,5.33,12.94,51.33,12.08,8.17,2026-04-01,2026-04-30,0.33533604887983703,-0.6224236803865816,baixo
412,SN821,2026-04,9.49,4.77,3.25,11.75,2.83,1.92,2026-04-01,2026-04-30,0.09551934826883911,-1.5233503966191566,baixo
413,SN825,2026-04,16.98,6.69,8.39,18.75,4.0,5.5,2026-04-01,2026-04-30,0.28630346232179227,-0.8066258943424137,baixo
414,SN840,2026-04,16.98,6.69,8.39,18.75,4.0,5.5,2026-04-01,2026-04-30,0.28630346232179227,-0.8066258943424137,baixo
415,SN846,2026-04,9.49,4.77,3.25,11.75,2.83,1.92,2026-04-01,2026-04-30,0.09551934826883911,-1.5233503966191566,baixo
416,SN848,2026-04,9.49,4.77,3.25,11.75,2.83,2.08,2026-04-01,2026-04-30,0.09551934826883911,-1.5233503966191566,baixo
417,SN853,2026-04,24.53,10.88,11.41,24.5,10.25,11.75,2026-04-01,2026-04-30,0.390224032586558,-0.4162243173082979,medio
418,SN857,2026-04,13.14,7.42,4.4,13.25,3.42,3.42,2026-04-01,2026-04-30,0.2129327902240326,-1.0822597368246092,baixo
419,SN861,2026-04,98.59,9.42,14.99,96.92,19.92,10.67,2026-04-01,2026-04-30,0.49857433808553964,-0.009181418764153777,medio
420,SN867,2026-04,25.23,6.91,3.62,28.58,7.33,3.25,2026-04-01,2026-04-30,0.20885947046843178,-1.0975621014315318,baixo
421,SN878,2026-04,98.59,9.42,6.61,96.92,19.92,5.83,2026-04-01,2026-04-30,0.3782077393075356,-0.46136629289872,medio
422,SN880,2026-04,86.53,6.13,5.88,83.75,18.92,6.58,2026-04-01,2026-04-30,0.2845213849287169,-0.8133206788579423,baixo
423,SN884,2026-04,13.14,7.42,3.34,13.25,3.42,3.33,2026-04-01,2026-04-30,0.18727087576374746,-1.1786646338482223,baixo
424,SN885,2026-04,9.08,8.26,2.76,8.5,1.75,2.67,2026-04-01,2026-04-30,0.15025458248472506,-1.3177248722136325,baixo
425,SN893,2026-04,16.98,6.69,7.37,18.75,4.0,4.33,2026-04-01,2026-04-30,0.25972505091649695,-0.9064738234025844,baixo
426,SN895,2026-04,9.49,4.77,3.25,11.75,2.83,1.92,2026-04-01,2026-04-30,0.09551934826883911,-1.5233503966191566,baixo
427,SN897,2026-04,9.08,8.26,5.17,8.5,1.75,3.83,2026-04-01,2026-04-30,0.20829938900203665,-1.0996661765649838,baixo
428,SN898,2026-04,17.61,8.9,8.39,20.25,4.58,5.67,2026-04-01,2026-04-30,0.32454175152749487,-0.6629749465949268,baixo
429,SN908,2026-04,99.07,50.26,14.38,99.92,58.25,20.25,2026-04-01,2026-04-30,0.665376782077393,0.6174504118893317,alto
430,SN919,2026-04,78.28,60.99,19.0,74.17,60.33,21.83,2026-04-01,2026-04-30,0.7482688391038697,0.9288535316402092,alto
431,SN954,2026-04,47.94,5.33,7.7,51.33,12.08,6.08,2026-04-01,2026-04-30,0.26537678207739307,-0.8852417925104792,baixo
432,SP265,2026-04,139.34,75.3,14.68,137.75,73.25,20.0,2026-04-01,2026-04-30,0.7881873727087576,1.0788167047880517,alto
433,SP324,2026-04,5.95,3.16,2.42,6.17,0.67,1.08,2026-04-01,2026-04-30,0.03543788187372709,-1.7490602745712667,baixo
434,SP328,2026-04,5.95,3.16,2.51,6.17,0.67,2.08,2026-04-01,2026-04-30,0.03910386965376782,-1.7352881464250363,baixo
435,SP329,2026-04,5.95,3.16,2.18,6.17,0.67,2.08,2026-04-01,2026-04-30,0.03085539714867617,-1.7662754347540548,baixo
436,SP343,2026-04,276.71,83.57,10.65,267.58,83.08,10.08,2026-04-01,2026-04-30,0.8325356415478615,1.245421199445923,alto
437,SP389,2026-04,10.56,6.43,6.07,11.25,6.83,7.58,2026-04-01,2026-04-30,0.209979633401222,-1.0933539511646282,baixo
438,SP404,2026-04,118.36,28.43,5.54,114.67,24.83,3.75,2026-04-01,2026-04-30,0.45570264765784113,-0.17023880625201515,medio
439,SP485,2026-04,99.25,46.83,3.98,108.5,45.58,5.67,2026-04-01,2026-04-30,0.474745417515275,-0.09870025171465123,medio
440,SP635,2026-04,128.49,50.36,7.47,135.5,49.5,8.5,2026-04-01,2026-04-30,0.5995926680244399,0.3703172234875299,medio
441,SP759,2026-04,30.98,11.25,13.21,30.0,10.83,13.5,2026-04-01,2026-04-30,0.4227087576374745,-0.29418795956808924,medio
442,SP766,2026-04,70.88,18.69,10.69,61.42,25.58,20.33,2026-04-01,2026-04-30,0.4673116089613034,-0.12662706712228552,medio
443,SP795,2026-04,17.19,23.25,2.68,18.58,30.33,3.0,2026-04-01,2026-04-30,0.26089613034623216,-0.9020743935780943,baixo
444,SP801,2026-04,10.56,6.43,5.65,11.25,6.83,7.0,2026-04-01,2026-04-30,0.1989816700610998,-1.1346703356033194,baixo
445,SP803,2026-04,10.56,6.43,6.07,11.25,6.83,7.58,2026-04-01,2026-04-30,0.209979633401222,-1.0933539511646282,baixo
446,SP805,2026-04,48.32,0.0,2.5,47.75,10.75,1.25,2026-04-01,2026-04-30,0.09027494908350306,-1.5430521910505695,baixo
447,SP810,2026-04,47.94,5.33,7.7,51.33,12.08,5.08,2026-04-01,2026-04-30,0.26537678207739307,-0.8852417925104792,baixo
448,SP864,2026-04,14.02,6.41,7.16,15.58,6.5,6.92,2026-04-01,2026-04-30,0.23380855397148675,-1.0038351182141303,baixo
449,SP918,2026-04,10.56,6.43,6.07,11.25,6.83,7.67,2026-04-01,2026-04-30,0.209979633401222,-1.0933539511646282,baixo
450,SPA483,2026-04,154.72,47.54,7.43,164.0,43.25,5.25,2026-04-01,2026-04-30,0.5967413441955194,0.3596055682626842,medio
451,SPA550,2026-04,106.55,12.39,5.1,112.33,21.25,5.67,2026-04-01,2026-04-30,0.3775967413441955,-0.46366164758975825,medio
452,SPA613,2026-04,156.39,34.01,5.49,153.42,38.33,6.0,2026-04-01,2026-04-30,0.5128818737270876,0.04456813691766266,medio
453,SPB326,2026-04,5.95,3.16,2.18,6.17,0.67,1.67,2026-04-01,2026-04-30,0.03085539714867617,-1.7662754347540548,baixo
454,SPB483,2026-04,154.72,47.54,7.79,164.0,43.25,6.17,2026-04-01,2026-04-30,0.6083503054989816,0.40321730739241357,medio
455,SPB550,2026-04,69.79,4.8,3.41,68.58,12.58,3.33,2026-04-01,2026-04-30,0.2014256619144603,-1.1254889168391657,baixo
456,SR300,2026-04,211.47,105.56,17.89,202.33,103.75,17.58,2026-04-01,2026-04-30,0.9338594704684318,1.6260675190431255,alto
457,SR328,2026-04,127.65,50.05,10.91,135.67,49.33,10.92,2026-04-01,2026-04-30,0.6456211812627292,0.5432339435457568,alto
458,SR342,2026-04,130.44,56.81,10.92,131.83,52.67,9.83,2026-04-01,2026-04-30,0.6874236252545826,0.7002744603243014,alto
459,SR355,2026-04,153.02,61.6,15.5,161.08,63.83,16.0,2026-04-01,2026-04-30,0.7844704684317719,1.064853297084235,alto
460,SR362,2026-04,142.5,87.45,15.59,135.5,83.83,14.58,2026-04-01,2026-04-30,0.825,1.2171118249231159,alto
461,SR378,2026-04,167.52,99.72,16.4,167.33,97.33,15.25,2026-04-01,2026-04-30,0.8680244399185335,1.3787430510837368,alto
462,SR384,2026-04,201.71,103.71,18.78,201.17,98.0,23.0,2026-04-01,2026-04-30,0.929938900203666,1.6113389931089626,alto
463,SR386,2026-04,185.6,100.07,16.65,183.0,95.67,16.08,2026-04-01,2026-04-30,0.8913951120162933,1.4665403680159563,alto
464,SR388,2026-04,217.88,107.4,27.28,205.58,103.33,28.0,2026-04-01,2026-04-30,0.9761201629327901,1.7848295518399486,alto
465,SR393,2026-04,196.03,102.48,19.38,186.83,99.33,22.17,2026-04-01,2026-04-30,0.9242871690427699,1.5901069622168573,alto
466,SR397,2026-04,209.2,105.44,25.37,198.58,102.17,24.58,2026-04-01,2026-04-30,0.9501527494908351,1.6872769774708165,alto
467,SR399,2026-04,212.42,106.87,17.47,208.58,101.17,17.75,2026-04-01,2026-04-30,0.9355906313645621,1.6325710240010678,alto
468,SV363,2026-04,199.44,64.43,16.43,193.0,70.17,22.5,2026-04-01,2026-04-30,0.8485234215885946,1.3054829805280943,alto
469,SV384,2026-04,170.08,92.25,17.47,171.42,85.08,18.0,2026-04-01,2026-04-30,0.8800407331975559,1.423885026674159,alto
470,SV391,2026-04,198.56,66.84,20.8,177.08,73.25,25.75,2026-04-01,2026-04-30,0.8863543788187372,1.4476036918148893,alto
471,SV474,2026-04,168.43,60.64,6.39,181.08,52.92,4.42,2026-04-01,2026-04-30,0.6601832993890021,0.5979398970155057,alto
472,SV483,2026-04,170.32,52.09,13.99,175.33,46.33,11.5,2026-04-01,2026-04-30,0.7369653767820774,0.8863894698559988,alto
473,SV606,2026-04,171.36,47.84,12.58,152.42,45.33,15.67,2026-04-01,2026-04-30,0.6933808553971487,0.7226541685619255,alto
474,SV624,2026-04,186.62,87.51,16.35,173.75,87.0,23.5,2026-04-01,2026-04-30,0.8772912423625254,1.4135559305644863,alto
475,SV669,2026-04,105.28,54.13,15.58,89.83,62.17,25.0,2026-04-01,2026-04-30,0.7115071283095723,0.7907496910627316,alto
476,SV692,2026-04,141.49,23.22,6.85,129.75,28.83,7.92,2026-04-01,2026-04-30,0.48279022403258653,-0.06847808161597911,medio
477,SV777,2026-04,60.66,45.1,7.82,55.83,54.58,10.08,2026-04-01,2026-04-30,0.5086558044806517,0.02869193363798024,medio
478,SV790,2026-04,79.67,48.23,20.55,67.58,57.42,27.17,2026-04-01,2026-04-30,0.6923625254582484,0.7188285774101946,alto
479,SV831,2026-04,34.99,2.45,6.26,36.0,8.17,3.75,2026-04-01,2026-04-30,0.18034623217922607,-1.204678653679991,baixo
480,SV853,2026-04,24.53,10.88,12.06,24.5,10.25,12.17,2026-04-01,2026-04-30,0.3966395112016293,-0.39212309305239457,medio
481,SV863,2026-04,86.53,6.13,5.88,83.75,18.92,6.58,2026-04-01,2026-04-30,0.2845213849287169,-0.8133206788579423,baixo
482,SV866,2026-04,13.14,7.42,3.34,13.25,3.42,3.17,2026-04-01,2026-04-30,0.18727087576374746,-1.1786646338482223,baixo
483,SV878,2026-04,98.59,9.42,12.98,96.92,19.92,8.42,2026-04-01,2026-04-30,0.4738289205702647,-0.10214328375120921,medio
484,SV899,2026-04,66.59,6.11,4.58,64.58,15.25,4.58,2026-04-01,2026-04-30,0.235132382892057,-0.9988618497168804,baixo
485,SV908,2026-04,107.26,54.69,14.53,110.42,61.5,20.92,2026-04-01,2026-04-30,0.70020366598778,0.7482856292785212,alto
486,SV917,2026-04,138.51,60.57,18.29,129.08,65.42,25.0,2026-04-01,2026-04-30,0.7970468431771893,1.1120993478081085,alto
487,SV921,2026-04,5.95,3.16,2.1,6.17,0.67,1.0,2026-04-01,2026-04-30,0.029327902240325866,-1.7720138214816508,baixo
488,SV922,2026-04,5.95,3.16,1.83,6.17,0.67,0.83,2026-04-01,2026-04-30,0.02566191446028513,-1.7857859496278812,baixo
489,SVB665,2026-04,136.93,81.68,17.73,136.0,79.0,21.5,2026-04-01,2026-04-30,0.8360488798370671,1.2586194889193933,alto
490,SVB901,2026-04,33.46,15.95,7.07,37.42,20.67,6.92,2026-04-01,2026-04-30,0.3532586558044806,-0.5550932761161216,baixo
